﻿{
    "$schema": "https://schema.management.azure.com/schemas/2015-01-01/deploymentTemplate.json#",
    "contentVersion": "1.0.0.0",
    "parameters": {
        "virtualNetworkName": {
            "type": "string",
            "metadata": {
                "description": "This is the name of the Virtual Network"
            }

        },
        "networkInterfaceName": {
            "type": "string",
            "metadata": {
                "description": "This is the prefix name of the Network interfaces"
            }

        },
        "loadBalancerName": {
            "type": "string",
            "metadata": {
                "description": "This is the name of the load balancer"
            }

        },
        "adminUsername": {
            "type": "string",
            "metadata": {
                "description": "Admin username"
            }
        },
        "adminPassword": {
            "type": "securestring",
            "metadata": {
                "description": "Admin password"
            }
        },
        "imagePublisher": {
            "type": "string",
            "defaultValue": "MicrosoftWindowsServer",
            "metadata": {
                "description": "Image Publisher"
            }
        },
        "vmNamePrefix": {
            "type": "string",
            "defaultValue": "BackendVM",
            "metadata": {
                "description": "Prefix to use for VM names"
            }
        },
        "imageOffer": {
            "type": "string",
            "defaultValue": "WindowsServer",
            "metadata": {
                "description": "Image Offer"
            }
        },
        "imageSKU": {
            "type": "string",
            "defaultValue": "2012-R2-Datacenter",
            "metadata": {
                "description": "Image SKU"
            }
        },
        "vmStorageAccountContainerName": {
            "type": "string",
            "defaultValue": "vhds",
            "metadata": {
                "description": "This is the storage account container name"
            }

        },
        "vmName": {
            "type": "string",
            "metadata": {
                "description": "This is the prefix name for the virtual machines"
            }

        },
        "storageAccountName": {
            "type": "string"
        },
        "vmSize": {
            "type": "string",
            "defaultValue": "Standard_D1",
            "metadata": {
                "description": "This is the allowed list of VM sizes"
            }

        }
    },
    "variables": {
        "availabilitySetName": "AvSet",
        "storageAccountType": "Standard_LRS",
        "subnetName": "backendSubnet",
        "vnetID": "[resourceId('Microsoft.Network/virtualNetworks',parameters('virtualNetworkName'))]",
        "subnetRef": "[concat(variables('vnetID'),'/subnets/',variables ('subnetName'))]",
        "numberOfInstances": 2,
        "lbID": "[resourceId('Microsoft.Network/loadBalancers',parameters('loadBalancerName'))]"
    },
    "resources": [{
            "apiVersion": "2015-05-01-preview",
            "type": "Microsoft.Storage/storageAccounts",
            "name": "[parameters('storageAccountName')]",
            "location": "[resourceGroup().location]",
            "properties": {
                "accountType": "[variables('storageAccountType')]"
            }
        }, {
            "apiVersion": "2015-05-01-preview",
            "type": "Microsoft.Compute/availabilitySets",
            "name": "[variables('availabilitySetName')]",
            "location": "[resourceGroup().location]"
        }, {
            "apiVersion": "2015-05-01-preview",
            "type": "Microsoft.Network/virtualNetworks",
            "name": "[parameters('virtualNetworkName')]",
            "location": "[resourceGroup().location]",
            "properties": {
                "addressSpace": {
                    "addressPrefixes": [
                        "10.0.0.0/16"
                    ]
                },
                "subnets": [{
                    "name": "[variables('subnetName')]",
                    "properties": {
                        "addressPrefix": "10.0.2.0/24"
                    }
                }]
            }
        },

        {
            "apiVersion": "2015-05-01-preview",
            "type": "Microsoft.Network/networkInterfaces",
            "name": "[concat(parameters('networkInterfaceName'), copyindex())]",
            "location": "[resourceGroup().location]",
            "copy": {
                "name": "nicLoop",
                "count": "[variables('numberOfInstances')]"
            },
            "dependsOn": [
                "[concat('Microsoft.Network/virtualNetworks/', parameters('virtualNetworkName'))]",
                "[concat('Microsoft.Network/loadBalancers/', parameters('loadBalancerName'))]"
            ],
            "properties": {
                "ipConfigurations": [{
                    "name": "ipconfig1",
                    "properties": {
                        "privateIPAllocationMethod": "Dynamic",
                        "subnet": {
                            "id": "[variables('subnetRef')]"
                        },
                        "loadBalancerBackendAddressPools": [{
                            "id": "[concat(variables('lbID'), '/backendAddressPools/BackendPool1')]"
                        }]
                    }
                }]

            }
        },

        {
            "apiVersion": "2015-05-01-preview",
            "type": "Microsoft.Network/loadBalancers",
            "name": "[parameters('loadBalancerName')]",
            "location": "[resourceGroup().location]",
            "dependsOn": ["[variables('vnetID')]"],
            "properties": {
                "frontendIpConfigurations": [{

                    "properties": {
                        "subnet": {
                            "Id": "[variables('subnetRef')]"
                        },
                        "privateIPAddress": "10.0.2.6",
                        "privateIPAllocationMethod": "Static"
                    },
                    "name": "LoadBalancerFrontend"
                }],
                "backendAddressPools": [{
                    "name": "BackendPool1"
                }],
                "loadBalancingRules": [{
                    "properties": {
                        "frontendIPConfiguration": {
                            "Id": "[concat(resourceId('Microsoft.Network/loadBalancers', parameters('loadBalancerName')), '/frontendIpConfigurations/LoadBalancerFrontend')]"
                        },
                        "backendAddressPool": {
                            "Id": "[concat(resourceId('Microsoft.Network/loadBalancers', parameters('loadBalancerName')), '/backendAddressPools/BackendPool1')]"
                        },
                        "probe": {
                            "Id": "[concat(resourceId('Microsoft.Network/loadBalancers', parameters('loadBalancerName')), '/probes/lbprobe')]"
                        },
                        "protocol": "Tcp",
                        "frontendPort": 80,
                        "backendPort": 80,
                        "idleTimeoutInMinutes": 15

                    },
                    "Name": "lbrule"
                }],
                "probes": [{
                    "properties": {
                        "protocol": "Tcp",
                        "port": 80,
                        "intervalInSeconds": 15,
                        "numberOfProbes": 2
                    },
                    "name": "lbprobe"
                }]
            }
        }, {
            "apiVersion": "2015-05-01-preview",
            "type": "Microsoft.Compute/virtualMachines",
            "name": "[concat(parameters('vmNamePrefix'), copyindex())]",
            "copy": {
                "name": "virtualMachineLoop",
                "count": "[variables('numberOfInstances')]"
            },
            "location": "[resourceGroup().location]",
            "dependsOn": [
                "[concat('Microsoft.Storage/storageAccounts/', parameters('storageAccountName'))]",
                "[concat('Microsoft.Network/networkInterfaces/', parameters('networkInterfaceName'), copyindex())]",
                "[concat('Microsoft.Compute/availabilitySets/', variables('availabilitySetName'))]"
            ],
            "properties": {
                "availabilitySet": {
                    "id": "[resourceId('Microsoft.Compute/availabilitySets',variables('availabilitySetName'))]"
                },
                "hardwareProfile": {
                    "vmSize": "[parameters('vmSize')]"
                },
                "osProfile": {
                    "computername": "[concat(parameters('vmNamePrefix'), copyIndex())]",
                    "adminUsername": "[parameters('adminUsername')]",
                    "adminPassword": "[parameters('adminPassword')]"
                },
                "storageProfile": {
                    "imageReference": {
                        "publisher": "[parameters('imagePublisher')]",
                        "offer": "[parameters('imageOffer')]",
                        "sku": "[parameters('imageSKU')]",
                        "version": "latest"
                    },
                    "osDisk": {
                        "name": "osdisk",
                        "vhd": {
                            "uri": "[concat('http://',parameters('storageAccountName'),'.blob.core.windows.net/vhds/','osdisk', copyindex(), '.vhd')]"
                        },
                        "caching": "ReadWrite",
                        "createOption": "FromImage"
                    }
                },
                "networkProfile": {
                    "networkInterfaces": [{
                        "id": "[resourceId('Microsoft.Network/networkInterfaces',concat(parameters('networkInterfaceName'),copyindex()))]"
                    }]
                }
            }
        }
    ]
}
