{
	"$schema": "https://schema.management.azure.com/schemas/2015-01-01/deploymentTemplate.json#",
	"contentVersion": "1.0.0.0",
	"parameters": {
     "StorageContainerNameName": {
         "type": "string"
     },
     "StorageContainerNameType": {
         "type": "string",
         "defaultValue": "Standard_LRS",
         "allowedValues": [
             "Standard_LRS",
             "Standard_GRS",
             "Standard_ZRS"
         ]
     },
     "StorageContainerNameLocation": {
         "type": "string",
         "defaultValue": "West Europe",
         "allowedValues": [
             "East US",
             "West US",
             "West Europe",
             "East Asia",
             "South East Asia"
         ]
     }},
	"variables": {},
	"resources": [
     {
         "name": "[parameters('StorageContainerNameName')]",
         "type": "Microsoft.Storage/storageAccounts",
         "location": "[parameters('StorageContainerNameLocation')]",
         "apiVersion": "2015-05-01-preview",
         "dependsOn": [ ],
         "tags": {
             "displayName": "StorageContainerName"
         },
         "properties": {
             "accountType": "[parameters('StorageContainerNameType')]"
         }
     }],
	"outputs": {
		"result": {
			"value": "Hello World",
			"type" : "string"
		}
	}
}