<NetworkConfiguration xmlns:xsd="http://www.w3.org/2001/XMLSchema" xmlns:xsi="http://www.w3.org/2001/XMLSchema-instance" xmlns="http://schemas.microsoft.com/ServiceHosting/2011/07/NetworkConfiguration">
  <VirtualNetworkConfiguration>
    <Dns>
      <DnsServers>
	<DnsServer name="CloudDNS1" IPAddress="10.0.0.1" />
	<DnsServer name="CloudDNS2" IPAddress="10.0.0.2" />
        <DnsServer name="OnPremiseDNS1" IPAddress="10.254.0.1" />
	<DnsServer name="OnPremiseDNS2" IPAddress="10.254.0.2" />
      </DnsServers>
    </Dns>
    <LocalNetworkSites>
      <LocalNetworkSite name="OnPremiseNetwork">
        <AddressSpace>
          <AddressPrefix>10.254.0.0/24</AddressPrefix>
        </AddressSpace>
        <VPNGatewayAddress>88.112.134.25</VPNGatewayAddress>
      </LocalNetworkSite>
    </LocalNetworkSites>
    <VirtualNetworkSites>
      <VirtualNetworkSite name="AD2SQL-VNet" Location="West Europe">
        <AddressSpace>
          <AddressPrefix>10.0.0.0/16</AddressPrefix>
        </AddressSpace>
        <Subnets>
          <Subnet name="DCSubnet">
            <AddressPrefix>10.0.0.0/24</AddressPrefix>
          </Subnet>
          <Subnet name="SQLBackendSubnet">
            <AddressPrefix>10.0.1.0/24</AddressPrefix>
          </Subnet>
          <Subnet name="FrontendSubnet">
            <AddressPrefix>10.0.2.0/24</AddressPrefix>
          </Subnet>
          <Subnet name="GatewaySubnet">
            <AddressPrefix>10.0.3.0/24</AddressPrefix>
          </Subnet>
        </Subnets>
        <DnsServersRef>
          <DnsServerRef name="CloudDNS1" />
	  <DnsServerRef name="CloudDNS2" />
          <DnsServerRef name="OnPremiseDNS1" />
	  <DnsServerRef name="OnPremiseDNS2" />
        </DnsServersRef>
        <Gateway>
          <VPNClientAddressPool>
            <AddressPrefix>10.10.0.0/24</AddressPrefix>
          </VPNClientAddressPool>
          <ConnectionsToLocalNetwork>
            <LocalNetworkSiteRef name="OnPremiseNetwork" />
          </ConnectionsToLocalNetwork>
        </Gateway>
      </VirtualNetworkSite>
    </VirtualNetworkSites>
  </VirtualNetworkConfiguration>
</NetworkConfiguration>